movie_title;release_month;release_year;genre;total_gross;inflation_adjusted_gross
Snow White and the Seven Dwarfs;December;1937;Musical;184925485;5228953251
Fantasia;November;1940;Musical;83320000;2187090808
Pinocchio;February;1940;Adventure;84300000;2188229052
Song of the South;November;1946;Adventure;65000000;1078510579
Cinderella;February;1950;Drama;85000000;920608730
20000 Leagues Under the Sea;December;1954;Adventure;28200000;528279994
Lady and the Tramp;June;1955;Drama;93600000;1236035515
Sleeping Beauty;January ;1959;Drama;9464608;21505832
Babes in Toyland;December;1961;Musical;10218316;124841160
101 Dalmatians;January ;1961;Comedy;153000000;1362870985
The Absent Minded Professor;March;1961;Comedy;25381407;310094574
Bon Voyage!;May;1962;Comedy;9230769;109581646
The Sword in the Stone;December;1963;Adventure;22182353;153870834
The Jungle Book;October;1967;Musical;141843000;789612346
Blackbeard's Ghost;February;1968;Comedy;21540050;138612686
The Boatniks;July;1970;Comedy;18607492;101200742
The Aristocats;April;1970;Musical;55675257;255161499
Bedknobs and Broomsticks;October;1971;Musical;17871174;91305448
The Apple Dumpling Gang;July;1975;Comedy;31916500;131246872
The Many Adventures of Winnie the Pooh;March;1977;;;
Freaky Friday;January ;1977;Comedy;25942000;98067733
Herbie Goes to Monte Carlo;June;1977;;28000000;105847527
The Rescuers;June;1977;Adventure;48775599;159743914
The Black Hole;December;1979;;35841901;120377374
The Last Flight of Noah’s Ark;June;1980;;11000000;34472116
Midnight Madness;February;1980;;2900000;9088096
Amy;March;1981;Drama;;
Condorman;August;1981;Action;;
The Devil and Max Devlin;January ;1981;;16000000;48517980
The Fox and the Hound;July;1981;Comedy;43899231;133118889
Tron;July;1982;Action;26918576;77184895
Night Crossing;February;1982;Drama;4500000;12903059
Tex;November;1982;Drama;7199408;20643199
Running Brave;November;1983;Drama;1204595;3223725
Never Cry Wolf;October;1983;Drama;27668764;70669955
Trenchcoat;March;1983;Comedy;4304286;11519089
Something Wicked This Way Comes;April;1983;Horror;5656087;15136765
Splash;March;1984;Comedy;62599495;157057661
Country;September;1984;Drama;8400000;21075000
Return to Oz;June;1985;Adventure;10618813;25215934
One Magic Christmas;November;1985;Drama;13229514;31415432
Baby: Secret of the Lost Legend;March;1985;Adventure;14276095;33900697
The Black Cauldron;July;1985;Adventure;21288692;50553142
My Science Project;August;1985;Comedy;4100000;9736051
The Journey of Natty Gann;September;1985;Drama;9468512;22302956
Flight of the Navigator;July;1986;Adventure;18564613;42183197
Tough Guys;October;1986;Comedy;21458229;48758184
The Great Mouse Detective;July;1986;Adventure;23605534;53637367
Off Beat;April;1986;Comedy;4842778;11003932
The Color of Money;October;1986;Drama;52293000;117957323
Down and Out in Beverly Hills;January ;1986;Comedy;62134225;141183693
Ruthless People;June;1986;Comedy;71624879;162748712
Good Morning Vietnam;December;1987;Comedy;123922370;254414837
Benji the Hunted;June;1987;Adventure;15212539;32798382
3 Men and a Baby;November;1987;Comedy;167780960;353334607
Hello Again;November;1987;Comedy;20419446;44024529
Ernest Goes to Camp;May;1987;Comedy;23509382;50686462
Tin Men;March;1987;Comedy;25411386;54787202
Can't Buy Me Love;August;1987;Romantic Comedy;31623833;68181300
Adventures in Babysitting;July;1987;Comedy;33790923;72853569
Outrageous Fortune;January ;1987;Comedy;52864741;113976921
Stakeout;August;1987;Comedy;65673233;141592160
D.O.A.;March;1988;Thriller/Suspense;12706478;26062188
Return to Snowy River;April;1988;Adventure;13687027;28073384
Who Framed Roger Rabbit?;June;1988;Comedy;154112492;316250084
Ernest Saves Christmas;November;1988;Comedy;28202109;57845202
Shoot to Kill;February;1988;Action;29300000;60097074
The Good Mother;November;1988;Drama;4764606;9772655
Big Business;June;1988;Comedy;40150487;82352451
Oliver & Company;November;1988;Adventure;49576671;102254492
Heartbreak Hotel;September;1988;Comedy;5509417;11300331
The Rescue;August;1988;Action;5855392;12009960
Beaches;December;1988;Drama;57041866;120381757
Cocktail;July;1988;Drama;78222753;160442289
New York Stories;March;1989;Drama;10763469;22740861
Gross Anatomy;October;1989;Drama;11346186;23972012
The Little Mermaid;November;1989;Adventure;111543479;223726012
Honey I Shrunk the Kids;June;1989;Adventure;130724172;276191669
Blaze;December;1989;Drama;19049727;39884640
An Innocent Man;October;1989;Drama;19397847;40983414
Three Fugitives;January ;1989;Comedy;40590000;85757817
Disorganized Crime;April;1989;Comedy;7210149;15233465
Cheetah;August;1989;Adventure;7882250;16653473
Turner & Hooch;July;1989;Comedy;71079915;150176361
Dead Poets Society;June;1989;Drama;95860116;202531517
Where the Heart Is;February;1990;Comedy;1106475;2210321
Dick Tracy;June;1990;Action;103738726;207231621
Fire Birds;May;1990;Action;14760451;29485923
Spaced Invaders;April;1990;Comedy;15000000;29964452
Mr. Destiny;October;1990;Comedy;15379253;30722056
Pretty Woman;March;1990;Romantic Comedy;178406268;356389765
DuckTales: The Movie - Treasure of th…;August;1990;Adventure;18075331;36107823
Betsy's Wedding;June;1990;Comedy;19740070;39433357
Taking Care of Business;August;1990;Comedy;20005435;39963460
Stella;February;1990;Drama;20062347;40077147
Ernest Goes to Jail;April;1990;Comedy;25029569;49999822
The Rescuers Down Under;November;1990;Adventure;27931461;55796728
Green Card;December;1990;Romantic Comedy;29804169;59679131
Arachnophobia;July;1990;Thriller/Suspense;53208180;106290270
3 Men and a Little Lady;November;1990;Comedy;71609321;143108869
One Good Cop;May;1991;Action;11276846;22580472
The Marrying Man;April;1991;Romantic Comedy;12454768;24939118
Ernest Scared Stupid;October;1991;Comedy;14143280;28320147
Haakon Haakonsen;March;1991;Adventure;15024232;30084149
Billy Bathgate;November;1991;Drama;15565363;31167691
Paradise;September;1991;Drama;18634643;37313540
Beauty and the Beast;November;1991;Musical;218951625;363017667
Oscar;April;1991;Comedy;23562716;47181395
Deceived;September;1991;Thriller/Suspense;28738096;57544453
White Fang;January ;1991;Adventure;34729091;69540672
The Doctor;July;1991;Drama;37497480;75084021
The Rocketeer;June;1991;Action;46573027;93256673
What About Bob?;May;1991;Comedy;63710000;127571325
Wild Hearts Can't Be Broken;May;1991;Drama;7300000;14617333
Father of the Bride;December;1991;Comedy;89325780;179821881
Scenes from a Mall;February;1991;Comedy;9563393;19149495
A Stranger Among Us;July;1992;Drama;12282994;24950752
Sister Act;May;1992;Comedy;139605150;283583472
Noises Off...;March;1992;Comedy;2280148;4631720
Newsies;April;1992;;2706352;5497481
Blame it on the Bellboy;March;1992;Comedy;2891055;5872667
Straight Talk;April;1992;Comedy;21202099;43068356
Consenting Adults;October;1992;Drama;21591728;43859823
Aladdin;November;1992;Comedy;217350219;441969178
Captain Ron;September;1992;Comedy;22518097;45741576
The Muppet Christmas Carol;December;1992;Comedy;27281507;55417615
3 Ninjas;August;1992;Action;29028000;58965304
A Gun in Betty Lou's Handbag;August;1992;;3591460;7295423
Passed Away;April;1992;;4030793;8187848
Innocent Blood;September;1992;Horror;4877567;9907922
Encino Man;May;1992;Comedy;40057130;81369058
Medicine Man;February;1992;Drama;44948240;91304495
The Distinguished Gentleman;December;1992;Comedy;46434570;94349900
The Mighty Ducks;October;1992;Comedy;50752337;103120810
Honey I Blew Up the Kid;July;1992;Comedy;58662452;119162518
1492: Conquest of Paradise;October;1992;Adventure;7099531;14421454
Sarafina!;September;1992;Drama;7306242;14841352
The Hand That Rocks the Cradle;January ;1992;Thriller/Suspense;88036683;178831137
Money for Nothing;September;1993;Comedy;1044824;2127496
Life With Mikey;June;1993;Comedy;12349549;25146538
A Far Off Place;March;1993;Adventure;12890752;26248558
Indian Summer;April;1993;Comedy;14717851;29968953
Born Yesterday;March;1993;Romantic Comedy;17760754;36165012
Another Stakeout;July;1993;Comedy;20107504;40943541
Super Mario Bros.;May;1993;Action;20844907;42445058
Guilty as Sin;June;1993;Thriller/Suspense;22622537;46064723
The Program;September;1993;Action;23042200;46919256
The Adventures of Huck Finn;April;1993;Adventure;24103594;49080505
Son in Law;July;1993;Comedy;25989889;52921433
My Boyfriend's Back;August;1993;;3218882;6554384
Father Hood;August;1993;;3268203;6654819
The Joy Luck Club;September;1993;Drama;32790064;66768171
Alive;January ;1993;Adventure;36299670;73914543
What's Love Got to Do With It;June;1993;Drama;39100956;79618610
Hocus Pocus;July;1993;Comedy;39360491;80147079
Bound by Honor;April;1993;;4496583;9156084
Homeward Bound: The Incredible Journey;February;1993;Adventure;41833324;85182343
The Cemetery Club;February;1993;Comedy;5583621;11369541
Swing Kids;March;1993;Musical;5632086;11468231
The Nightmare Before Christmas;October;1993;Musical;50408318;100026637
The Three Musketeers;November;1993;Adventure;53661805;109310377
Tombstone;December;1993;Western;56505065;115781734
Sister Act 2 Back in the Habit;December;1993;Comedy;57319029;116965668
Cool Runnings;October;1993;Comedy;68856263;140392731
Aspen Extreme;January ;1993;Romantic Comedy;7843388;15970955
It's Pat;August;1994;Comedy;60822;125666
Holy Matrimony;April;1994;Comedy;713234;1473665
Camp Nowhere;August;1994;Comedy;10442641;21576332
The Ref;March;1994;Comedy;11325885;23401275
3 Ninjas Kick Back;May;1994;Action;11744960;24267154
The Santa Clause;November;1994;Comedy;144833357;298369717
Terminal Velocity;September;1994;Action;16478900;34048315
Color of Night;August;1994;Thriller/Suspense;19750470;40804816
Red Rock West;January ;1994;;2502551;5170709
Iron Will;January ;1994;Drama;20623071;42610902
The Air Up There;January ;1994;Comedy;20782439;42940186
Renaissance Man;June;1994;Comedy;24172899;49945474
Quiz Show;September;1994;Drama;24787282;50840394
In the Army Now;August;1994;Comedy;28881266;59673787
A Low Down Dirty Shame;November;1994;Action;29317886;60321919
Squanto: A Warrior's Tale;October;1994;Drama;3319344;6858345
A Simple Twist of Fate;September;1994;Drama;3404935;7035189
Cabin Boy;January ;1994;Comedy;3469493;7168577
Blank Check;February;1994;Comedy;30573770;63170804
I Love Trouble;June;1994;Romantic Comedy;30806194;63651027
The Lion King;June;1994;Adventure;422780140;761640898
The Jungle Book;December;1994;Adventure;44342956;88930321
D2: The Mighty Ducks;March;1994;Comedy;45604206;94226333
Ed Wood;September;1994;Comedy;5828466;12042634
When a Man Loves a Woman;April;1994;Drama;50021959;103354194
Angels in the Outfield;July;1994;Comedy;50236831;103798152
The Puppet Masters;October;1994;Horror;8579626;17727017
White Fang 2: Myth of the White Wolf;April;1994;Adventure;8752399;18083994
The Inkwell;April;1994;Comedy;8864699;18316030
Angie;March;1994;Comedy;9252349;19116981
Feast of July;October;1995;Drama;293274;568342
A Pyromaniac's Love Story;March;1995;Romantic Comedy;46824;907414
Funny Bones;March;1995;Comedy;529135;1025425
The Scarlet Letter;October;1995;Drama;10359006;20075033
Roommates;March;1995;Comedy;12076989;23404369
A Kid in King Arthur's Court;August;1995;Adventure;13406717;25981285
Nixon;December;1995;Drama;13668249;26302005
Pocahontas;June;1995;Adventure;141579773;274370957
Mad Love;May;1995;Drama;15446532;29934306
Heavy Weights;February;1995;Comedy;17671310;34245779
The Big Green;September;1995;Comedy;17736619;34372339
Toy Story;November;1995;Adventure;191796233;370409631
Jefferson in Paris;March;1995;Drama;2461628;4770461
Tom and Huck;December;1995;Adventure;23837227;45911517
Dead Presidents;October;1995;Drama;24120194;46741467
Operation Dumbo Drop;July;1995;Adventure;24670346;47809421
Houseguest;January ;1995;Comedy;26325256;51016522
Bad Company;January ;1995;Thriller/Suspense;3523909;6829092
Powder;October;1995;Drama;30833914;59727216
Judge Dredd;June;1995;Action;34687912;67222776
A Goofy Movie;April;1995;Comedy;35336439;68479579
Man of the House;March;1995;Comedy;40029009;77573459
Miami Rhapsody;January ;1995;Romantic Comedy;5086578;9857435
The Tie That Binds;September;1995;Thriller/Suspense;5762795;11167895
The Jerky Boys;February;1995;Comedy;7555256;14641561
Unstrung Heroes;September;1995;Drama;7929000;15365850
Father of the Bride Part II;December;1995;Comedy;76578911;147658438
Tall Tale;March;1995;Western;8247627;15983331
While You Were Sleeping;April;1995;Romantic Comedy;81057016;157082900
Mr. Holland's Opus;December;1995;Drama;82582604;157508868
Dangerous Minds;August;1995;Drama;84919401;164552293
Crimson Tide;May;1995;Action;91387195;177102077
The War at Home;November;1996;;34368;65543
Un indien dans la ville;March;1996;Comedy;1029731;1963937
Two Much;March;1996;Romantic Comedy;1078555;2057055
White Squall;February;1996;Adventure;10229300;19509726
The Hunchback of Notre Dame;June;1996;Adventure;100138851;190988799
Phenomenon;July;1996;Drama;104636382;199559799
The Associate;October;1996;Comedy;12772657;24333094
Mr. Wrong;February;1996;Romantic Comedy;12805071;24422334
The Rock;June;1996;Action;134069511;255702705
101 Dalmatians;November;1996;Comedy;136189294;258728898
Ransom;November;1996;Action;136492681;259807820
Kazaam;July;1996;Comedy;18880508;36009655
Boys;May;1996;Drama;21930418;41826566
D3: The Mighty Ducks;October;1996;Comedy;22936273;43713554
First Kid;August;1996;Comedy;26465920;50465108
Spy Hard;May;1996;Comedy;26936265;51373912
James and the Giant Peach;April;1996;Adventure;28921264;55159783
Eddie;May;1996;Comedy;31369401;59828966
Homeward Bound II: Lost in San Franc…;March;1996;Adventure;32709423;62384706
Muppet Treasure Island;February;1996;Adventure;34327391;65470567
The Preacher's Wife;December;1996;Drama;48102795;91076877
Last Dance;May;1996;Drama;5857534;11171714
Evita;December;1996;Musical;50047179;92077628
Up Close & Personal;March;1996;Drama;51045801;97356578
Jack;August;1996;Drama;58617334;111792852
The Rich Man's Wife;September;1996;Thriller/Suspense;8538318;16284619
Before and After;February;1996;Drama;8642118;16482589
Celtic Pride;April;1996;Comedy;9240378;17623615
Prefontaine;January ;1997;Drama;590817;1085093
Washington Square;October;1997;Drama;1775644;3257546
Con Air;June;1997;Action;101117573;185712664
George Of The Jungle;July;1997;Comedy;105263257;193326632
The Sixth Man;March;1997;Comedy;14765099;27117599
Rocket Man;October;1997;Comedy;15448043;28371890
That Darn Cat;February;1997;Comedy;18301828;33613158
Gone Fishin';May;1997;Comedy;19745922;36265379
Shadow Conspiracy;January ;1997;Thriller/Suspense;2154540;3957025
Mr. Magoo;December;1997;Comedy;21437192;39145784
Air Bud;August;1997;Comedy;24646936;45266588
An American Werewolf in Paris;December;1997;Horror;26570463;48546161
Grosse Pointe Blank;April;1997;Black Comedy;28084357;51579764
Romy and Michele's High School Reunion;April;1997;Comedy;29235353;53693680
Metro;January ;1997;Action;32017895;58804106
Playing God;October;1997;Thriller/Suspense;4166918;7652965
Nothing To Lose;July;1997;Comedy;44480039;81692095
G.I. Jane;August;1997;Drama;48169156;88467531
Kundun;December;1997;Drama;5686694;10236836
Jungle 2 Jungle;March;1997;Comedy;59925026;110058379
A Thousand Acres;September;1997;Drama;7928412;14561324
Flubber;November;1997;Comedy;92993801;170406423
Hercules;June;1997;Adventure;99112101;182029412
An Alan Smithee Film: Burn Hollywood …;February;1998;Comedy;45779;82277
Firelight;September;1998;Drama;784419;1409943
Deep Rising;January ;1998;Action;11203026;20136775
Enemy of the State;November;1998;Action;111549836;198472008
Holy Man;October;1998;Comedy;12069719;21694605
I'll Be Home For Christmas;November;1998;Comedy;12214338;21941840
Mulan;June;1998;Adventure;120620254;216807832
The Waterboy;November;1998;Comedy;161491646;288691833
A Bug's Life;November;1998;Adventure;162798565;288981698
Rushmore;December;1998;Black Comedy;17105219;28392518
Simon Birch;September;1998;Drama;18253415;32809442
Jane Austen's Mafia;July;1998;Comedy;19843795;35668055
Armageddon;July;1998;Adventure;201578182;362324957
He Got Game;May;1998;Drama;21567853;38766948
Beloved;October;1998;Drama;22852487;41062682
Meet the Deedles;March;1998;Comedy;4356126;7829877
Mighty Joe Young;December;1998;Adventure;50632037;87906042
A Civil Action;December;1998;Drama;56709981;94139530
The Parent Trap;July;1998;Comedy;66308518;119185667
Krippendorf's Tribe;February;1998;Comedy;7571115;13608633
Six Days Seven Nights;June;1998;Romantic Comedy;74339294;133620516
The Horse Whisperer;May;1998;Drama;75383563;135497531
Breakfast of Champions;September;1999;Comedy;178287;295851
Endurance;May;1999;;229128;380218
Tarzan;June;1999;Adventure;171091819;283900254
Summer of Sam;July;1999;Drama;19288130;32007656
Doug's 1st Movie;March;1999;Adventure;19421271;32228598
Cradle Will Rock;December;1999;Drama;2899970;4609153
Toy Story 2;November;1999;Adventure;245852179;404450426
The Other Sister;February;1999;Romantic Comedy;27807627;46145331
The Insider;November;1999;Drama;28965197;47794214
The Sixth Sense;August;1999;Thriller/Suspense;293506292;485424724
The 13th Warrior;August;1999;Action;32698899;54262148
Instinct;June;1999;Drama;34105207;56595842
My Favorite Martian;February;1999;Comedy;36850101;61150849
Ten Things I Hate About You;March;1999;Romantic Comedy;38177966;63354375
Mumford;September;1999;Comedy;4559569;7566363
Bicentennial Man;December;1999;Drama;58220776;94838225
The Straight Story;October;1999;Drama;6197866;10111144
Deuce Bigalow: Male Gigolo;December;1999;Comedy;65535067;106921374
Play it to the Bone;December;1999;Comedy;8427204;13180524
Mystery Alaska;October;1999;Comedy;8891623;14755189
Inspector Gadget;July;1999;Comedy;97387965;161610341
Gun Shy;February;2000;Comedy;1638202;2562155
Gone in 60 Seconds;June;2000;Action;101643008;158970411
Remember the Titans;September;2000;Drama;115654751;180742479
The Crew;August;2000;Comedy;13019253;20362201
Dinosaur;May;2000;Adventure;137748063;215438985
High Fidelity;March;2000;Comedy;27277055;42661516
Keeping the Faith;April;2000;Romantic Comedy;37036404;57925202
Duets;September;2000;Drama;4734235;7404372
O Brother Where Art Thou?;December;2000;Comedy;45506619;67922002
The Tigger Movie;February;2000;Adventure;45542421;71228678
Shanghai Noon;May;2000;Western;56932305;89042541
Fantasia 2000 (IMAX);January ;2000;Musical;60507228;94852354
Coyote Ugly;August;2000;Drama;60786269;95070168
Mission to Mars;March;2000;Adventure;60874615;95208344
102 Dalmatians;November;2000;Comedy;66941559;104055039
The Kid;July;2000;Comedy;69688384;108993148
The Emperor's New Groove;December;2000;Adventure;89296573;136789252
Fantasia 2000 (Theatrical Release);June;2000;Musical;9103630;14238144
Unbreakable;November;2000;Thriller/Suspense;94999143;148208901
High Heels and Low Lifes;October;2001;;226792;337782
The Princess Diaries;August;2001;Comedy;108244774;161218928
Out Cold;November;2001;Comedy;13906394;20700691
crazy/beautiful;June;2001;Drama;16929123;25214223
Max Keeble's Big Move;October;2001;Comedy;17292381;25749730
Pearl Harbor;May;2001;Action;198539855;295705112
Corky Romano;October;2001;Comedy;23978402;35705805
Monsters Inc.;November;2001;Adventure;289423425;416073179
Double Take;January ;2001;Action;29823162;44418589
Recess: School's Out;February;2001;Comedy;36696761;54656124
Just Visiting;April;2001;Comedy;4777007;7114869
Bubble Boy;August;2001;Comedy;5002310;7450434
The Royal Tenenbaums;December;2001;Black Comedy;52353636;76758193
Atlantis: The Lost Empire;June;2001;Adventure;84052762;125188122
Frank McKlusky C.I.;January ;2002;;;
Sen to Chihiro no Kamikakushi;September;2002;Adventure;10049886;14338992
Sorority Boys;March;2002;Comedy;10198766;14797862
Sweet Home Alabama;September;2002;Comedy;127214072;184521151
25th Hour;December;2002;Drama;13084595;18325463
The Santa Clause 2;November;2002;Comedy;139225854;201959095
Lilo & Stitch;June;2002;Adventure;145771527;211506702
The Country Bears;July;2002;Adventure;16988996;24650121
Tuck Everlasting;October;2002;Drama;19161999;27789959
Signs;August;2002;Thriller/Suspense;227965690;330754439
Beauty and the Beast (IMAX);January ;2002;Musical;25487028;36980311
Bad Company;June;2002;Action;30157016;43756218
The Hot Chick;December;2002;Comedy;35081550;50624654
Treasure Planet;November;2002;Adventure;38120554;55189145
ESPN's Ultimate X - The Movie;May;2002;Documentary;4197175;6089874
Reign of Fire;February;2002;Action;43061982;62480631
Peter Pan: Return to Neverland;February;2002;Adventure;48430258;70269715
The Count of Monte Cristo;January ;2002;Drama;54228104;78682079
Moonlight Mile;September;2002;Drama;6830957;9909094
Big Trouble;April;2002;Comedy;7262288;10537188
The Rookie;March;2002;Drama;75600072;109691666
Snow Dogs;January ;2002;Comedy;81150692;117745317
Veronica Guerin;October;2003;Drama;1569918;2194759
Freaky Friday;August;2003;Comedy;110222438;154090360
Bringing Down the House;March;2003;Comedy;132675402;185481530
Ghosts of the Abyss;April;2003;Documentary;17093668;23803108
Cold Creek Manor;September;2003;Thriller/Suspense;21384035;29895090
Piglet's Big Movie;March;2003;Comedy;23103423;32298812
Pirates of the Caribbean: The Curse o…;July;2003;Adventure;305411224;426967926
Calendar Girls;December;2003;Comedy;31011616;42379650
Finding Nemo;May;2003;Adventure;380529370;518148559
The Lizzie McGuire Movie;May;2003;Comedy;42734455;59743191
Under the Tuscan Sun;September;2003;Comedy;43601508;60944053
The Jungle Book 2;February;2003;Adventure;47901582;66966883
The Recruit;January ;2003;Thriller/Suspense;52784696;73793522
Open Range;August;2003;Western;58331254;81547672
Young Black Stallion;December;2003;Adventure;6751389;9254344
Shanghai Knights;February;2003;Adventure;60470220;84537962
Holes;April;2003;Drama;67383924;94203395
The Haunted Mansion;November;2003;Comedy;75817994;105775678
Brother Bear;October;2003;Adventure;85336277;119218333
America's Heart and Soul;July;2004;Documentary;314;426246
The Last Shot;September;2004;Comedy;46373;629502
The Village;July;2004;Thriller/Suspense;114197520;155021748
National Treasure;November;2004;Adventure;173005002;234069353
Mr. 3000;September;2004;Comedy;21800302;29593641
The Alamo;April;2004;Western;22406362;30416359
Around the World in 80 Days;June;2004;Adventure;24004159;32585356
The Life Aquatic with Steve Zissou;December;2004;Comedy;24006726;32198655
The Incredibles;November;2004;Adventure;261441092;354488708
Confessions of a Teenage Drama Queen;February;2004;Comedy;29331068;39816568
Raising Helen;May;2004;Comedy;37485528;50886144
The Ladykillers;March;2004;Comedy;39692139;53881593
Home on the Range;April;2004;Comedy;50026353;67910166
King Arthur;July;2004;Adventure;51877963;70423706
Teacher's Pet: The Movie;January ;2004;Comedy;6491969;8812764
Miracle;February;2004;Drama;64378093;87392478
Hidalgo;March;2004;Western;67286731;91340921
Ladder 49;October;2004;Action;74541707;101161045
The Princess Diaries 2: Royal Engagement;August;2004;Romantic Comedy;95149435;129164207
Shopgirl;October;2005;Drama;10284523;13519621
Casanova;December;2005;Drama;11304403;14574087
The Pacifier;March;2005;Comedy;113006880;148619029
Chicken Little;November;2005;Adventure;135386665;177954661
The Greatest Game Ever Played;September;2005;Drama;15331289;20162672
Pooh's Heffalump Movie;February;2005;Adventure;18098433;23801835
Valiant;August;2005;Adventure;19478106;25616292
A Lot Like Love;April;2005;Comedy;21835784;28716947
Ice Princess;March;2005;Comedy;24381334;32064685
Dark Water;July;2005;Thriller/Suspense;25473093;33500491
The Chronicles of Narnia: The Lion t…;December;2005;Adventure;291710957;381557539
Hauru no ugoku shiro;June;2005;Adventure;4710455;6194870
The Hitchhiker's Guide to the Galaxy;April;2005;Comedy;51019112;67096891
Sky High;July;2005;Adventure;63939454;84088854
Herbie: Fully Loaded;June;2005;Comedy;66010682;86812798
Aliens of the Deep;January ;2005;Documentary;8968684;11740942
Flightplan;September;2005;Thriller/Suspense;89706988;117960425
Roving Mars;January ;2006;Documentary;10407978;12948025
Annapolis;January ;2006;Drama;17127992;22044113
Stay Alive;March;2006;Horror;23086480;29712825
Tim Burton's The Nightmare Before Chr…;October;2006;Musical;24732041;30737517
Cars;June;2006;Comedy;244082982;314140384
Stick It;April;2006;Comedy;26910736;34634731
The Wild;April;2006;Adventure;37384046;48114115
Goal! The Dream Begins;May;2006;Drama;4283255;5512647
Glory Road;January ;2006;Drama;42647449;54888236
Pirates of the Caribbean: Dead Man’…;July;2006;Adventure;423315812;544817142
Apocalypto;December;2006;Adventure;50866635;64959548
The Prestige;October;2006;Thriller/Suspense;53089891;68289913
The Guardian;September;2006;Action;55011732;70801353
Invincible;August;2006;Drama;57806952;74398864
The Shaggy Dog;March;2006;Comedy;61123569;78667428
Déjà Vu;November;2006;Thriller/Suspense;64038616;82267038
Step Up;August;2006;Drama;65328121;84078780
Eight Below;February;2006;Adventure;81612565;105037235
The Santa Clause 3: The Escape Clause;November;2006;Comedy;84500122;108694869
Primeval;January ;2007;Adventure;10597734;12985302
Enchanted;November;2007;Romantic Comedy;127706877;156074310
Wild Hogs;March;2007;Comedy;168213584;206110533
The Invisible;April;2007;Thriller/Suspense;20568319;25202168
Ratatouille;June;2007;Comedy;206445654;252955933
National Treasure 2: Book of Secrets;December;2007;Adventure;219961501;267003525
Pirates of the Caribbean: At World’…;May;2007;Adventure;309420425;379129960
The Lookout;March;2007;Drama;4600585;5637048
Underdog;August;2007;Adventure;43760605;53619462
Dan in Real Life;October;2007;Romantic Comedy;47642963;58350234
The Hoax;April;2007;Drama;7164995;8779196
Bridge to Terabithia;February;2007;Drama;82234139;100760721
The Game Plan;September;2007;Comedy;90648202;111010758
Meet the Robinsons;March;2007;Adventure;97822171;119860589
Goal! 2: Living the Dream...;August;2008;Drama;225067;264247
Morning Light;October;2008;Documentary;275093;322979
Bedtime Stories;December;2008;Comedy;110101975;128039679
Bolt;November;2008;Comedy;114053759;133702498
The Chronicles of Narnia: Prince Caspian;May;2008;Adventure;141621490;166277038
Swing Vote;August;2008;Comedy;16289867;19125841
WALL-E;June;2008;Adventure;223808164;262771918
College Road Trip;March;2008;Comedy;45610425;53550960
Step Up 2 the Streets;February;2008;Drama;58017783;68118371
Hannah Montana/Miley Cyrus: Best of B…;February;2008;Concert/Performance;65281781;76646993
Miracle at St. Anna;September;2008;Drama;7916887;9295171
High School Musical 3: Senior Year;October;2008;Musical;90559416;106308538
Beverly Hills Chihuahua;October;2008;Comedy;94514402;110932022
Walt and El Grupo;September;2009;Documentary;20521;23064
X Games 3D: The Movie;August;2009;Documentary;1391434;1563976
The Princess and the Frog;November;2009;Adventure;104400899;116316457
G-Force;July;2009;Adventure;119436770;134246932
Disney's A Christmas Carol;November;2009;Drama;137855863;154927105
Gake no ue no Ponyo;August;2009;Adventure;15090399;16961607
The Proposal;June;2009;Romantic Comedy;163958031;184288829
Up;May;2009;Adventure;293004164;329336681
Toy Story 3D Double Feature;October;2009;Adventure;30702446;34509545
Earth;April;2009;Documentary;32011576;35981010
Jonas Brothers: The 3D Concert Experi…;February;2009;Concert/Performance;38174685;38174685
Surrogates;September;2009;Action;38577772;43361416
Confessions of a Shopaholic;February;2009;Romantic Comedy;44277350;49767744
Old Dogs;November;2009;Comedy;49492060;55503929
Race to Witch Mountain;March;2009;Adventure;67172594;75501997
Hannah Montana the Movie;April;2009;Drama;79576189;89443640
Gedo Senki (Tales from Earthsea);August;2010;Adventure;48658;51988
Waking Sleeping Beauty;March;2010;Documentary;80741;86264
Tron: Legacy;December;2010;Adventure;172062763;183619259
Oceans;April;2010;Documentary;19422319;20751600
Tangled;November;2010;Adventure;200821936;214388548
You Again;September;2010;Comedy;25702053;27461121
When in Rome;January ;2010;Romantic Comedy;32680633;34917330
Alice in Wonderland;March;2010;Adventure;334191110;357063499
Toy Story 3;June;2010;Adventure;415004880;443408255
Step Up 3D;August;2010;Drama;42400223;45302137
Secretariat;October;2010;Drama;59699513;63781920
The Last Song;March;2010;Drama;62950384;67258772
The Sorcerer's Apprentice;July;2010;Adventure;63150991;67473105
Prince of Persia: Sands of Time;May;2010;Action;90759676;96971361
Zokkomon;April;2011;Adventure;2815;2984
Prom;April;2011;Comedy;10130219;10768946
African Cats;April;2011;Documentary;15428747;16401551
The Help;August;2011;Drama;169705587;180404976
Fright Night;August;2011;Horror;18298649;19452402
Cars 2;June;2011;Adventure;191450875;203522177
Mars Needs Moms;March;2011;Adventure;21392758;22741603
Pirates of the Caribbean: On Stranger…;May;2011;Adventure;241063875;256263359
Winnie the Pooh;July;2011;Adventure;26692846;28375869
I am Number Four;February;2011;Adventure;55100437;58574607
War Horse;December;2011;Drama;79883359;84762149
Real Steel;October;2011;Action;85463309;90848019
The Muppets;November;2011;Comedy;88625922;94189503
Gnomeo and Juliet;February;2011;Comedy;99967670;106270797
People Like Us;June;2012;Drama;12431792;13165822
Lincoln;November;2012;Drama;182207973;192122330
Wreck-It Ralph;November;2012;Adventure;189412677;200354959
The Secret World of Arietty;February;2012;Adventure;19192510;20325733
Brave;June;2012;Adventure;237282182;251292441
Chimpanzee;April;2012;Documentary;28965459;30675725
Frankenweenie;October;2012;Comedy;35287788;37363513
The Odd Life of Timothy Green;August;2012;Drama;51853450;54914942
The Avengers;May;2012;Action;623279547;660081224
John Carter;March;2012;Adventure;73058679;77372445
Thor: The Dark World;November;2013;Adventure;206362140;213962184
Oz the Great and Powerful;March;2013;Adventure;234770996;243434130
Monsters University;June;2013;Adventure;268488329;278395641
The Fifth Estate;October;2013;Drama;3254172;3374251
Delivery Man;November;2013;Comedy;30659817;31787136
Frozen;November;2013;Adventure;400738009;414997174
Iron Man 3;May;2013;Action;408992272;424084233
Kaze Tachinu;November;2013;Drama;5201879;5367415
Saving Mr. Banks;December;2013;Drama;83299761;86249969
The Lone Ranger;July;2013;Western;89302115;92597388
Disney Planes;August;2013;Comedy;90282580;93614037
Into the Woods;December;2014;Musical;128002372;130894237
Bears;April;2014;Documentary;17780194;18346024
Big Hero 6;November;2014;Adventure;222527828;229249222
Maleficent;May;2014;Adventure;241407328;249089809
Captain America: The Winter Soldier;April;2014;Action;259746958;268013076
Guardians of the Galaxy;August;2014;Adventure;333172112;343771168
Million Dollar Arm;May;2014;Drama;36447959;37607865
Need for Speed;March;2014;Action;43568507;44955015
Muppets Most Wanted;March;2014;Comedy;51178893;52807594
The Hundred-Foot Journey;August;2014;Romantic Comedy;54235441;55961409
Planes: Fire and Rescue;July;2014;Adventure;59157732;61040349
Alexander and the Terrible Horrible…;October;2014;Comedy;66954149;69055550
Strange Magic;January ;2015;Adventure;12429583;12429583
The Good Dinosaur;November;2015;Adventure;123087120;123087120
Monkey Kingdom;April;2015;Documentary;16432322;16432322
Ant-Man;July;2015;Action;180202163;180202163
Cinderella;March;2015;Drama;201151353;201151353
Inside Out;June;2015;Adventure;356461711;356461711
McFarland USA;February;2015;Drama;44480275;44480275
Avengers: Age of Ultron;May;2015;Action;459005868;459005868
Bridge of Spies;October;2015;Thriller/Suspense;72313754;72313754
Tomorrowland;May;2015;Adventure;93436322;93436322
Star Wars Ep. VII: The Force Awakens;December;2015;Adventure;936662225;936662225
The Light Between Oceans;September;2016;Drama;12545979;12545979
Doctor Strange;November;2016;Adventure;232532923;232532923
Moana;November;2016;Adventure;246082029;246082029
The Finest Hours;January ;2016;Thriller/Suspense;27569558;27569558
Zootopia;March;2016;Adventure;341268248;341268248
The Jungle Book;April;2016;Adventure;364001123;364001123
Captain America: Civil War;May;2016;Action;408084349;408084349
Finding Dory;June;2016;Adventure;486295561;486295561
Rogue One: A Star Wars Story;December;2016;Adventure;529483936;529483936
The BFG;July;2016;Adventure;55483770;55483770
A Beautiful Planet;April;2016;Documentary;7895708;7895708
Pete’s Dragon;August;2016;Adventure;76233151;76233151
Alice Through the Looking Glass;May;2016;Adventure;77042381;77042381
Queen of Katwe;September;2016;Drama;8874389;8874389